time_sec,x,y,z,w
1744093537.3451512,1.4042319696259737,-0.5399633277144554,0.007834966026804899,"[-6.23504122475378e-06, 0.003305151267162262, 0.00621814968866452, 0.9999752049679407]"
